coin,date,PE,NE,spectral_gap,spectral_radius,second_eigenvalue,mixing_rate
ADA,2020-10-07 00:00:00+00:00,0.9795472826849085,0.9805904265656648,0.4683412362969497,1.0000000000000013,0.5316587637030517,0.5316587637030517
ADA,2020-11-06 00:00:00+00:00,0.9913138870784494,0.9925949840634491,0.4968135838219859,1.0000000000000004,0.5031864161780145,0.5031864161780145
ADA,2020-12-06 00:00:00+00:00,0.9984380878663307,0.9985472363546072,0.4882599320830169,0.9999999999999996,0.5117400679169827,0.5117400679169827
ADA,2021-01-05 00:00:00+00:00,0.998745388422157,0.9990191782952879,0.5266490877833502,1.0000000000000027,0.4733509122166525,0.4733509122166525
ADA,2021-02-04 00:00:00+00:00,0.9987743871025572,0.9991668453627794,0.5314053137014281,1.0000000000000029,0.46859468629857476,0.46859468629857476
ADA,2021-03-06 00:00:00+00:00,0.9981358716972003,0.9976955699697669,0.5449217217811928,1.0000000000000022,0.4550782782188095,0.4550782782188095
ADA,2021-04-05 00:00:00+00:00,0.9982884650914456,0.9981669038969317,0.5810346080850968,1.0000000000000002,0.4189653919149034,0.4189653919149034
ADA,2021-05-05 00:00:00+00:00,0.9990556185383823,0.9991793776251137,0.5777677784894614,1.0,0.42223222151053863,0.42223222151053863
ADA,2021-06-04 00:00:00+00:00,0.9960849206055782,0.9962399956779625,0.6019667675781885,1.0000000000000007,0.3980332324218122,0.3980332324218122
ADA,2021-07-04 00:00:00+00:00,0.9977146858336864,0.9980937084025993,0.536993233695237,1.0000000000000004,0.4630067663047635,0.4630067663047635
ADA,2021-08-03 00:00:00+00:00,0.9975003945217884,0.9975971852301841,0.5323553110534465,1.000000000000002,0.4676446889465555,0.4676446889465555
ADA,2021-09-02 00:00:00+00:00,0.9981358716972003,0.9979314342405586,0.506880753803501,0.9999999999999984,0.49311924619649744,0.49311924619649744
ADA,2021-10-02 00:00:00+00:00,0.9985922030586726,0.9983838027070145,0.4491392947789,1.0000000000000029,0.5508607052211029,0.5508607052211029
ADA,2021-11-01 00:00:00+00:00,0.9967873379049172,0.9968199518039871,0.44086708130618657,1.0000000000000007,0.5591329186938141,0.5591329186938141
ADA,2021-12-01 00:00:00+00:00,0.997876630073759,0.9979837671237434,0.43521454034222384,1.0000000000000004,0.5647854596577766,0.5647854596577766
ADA,2021-12-31 00:00:00+00:00,0.9994063669049674,0.9996008293135951,0.4361140999631904,0.9999999999999993,0.5638859000368089,0.5638859000368089
ADA,2022-01-30 00:00:00+00:00,0.9948236619466184,0.9952243537229636,0.38557137182073176,1.0,0.6144286281792682,0.6144286281792682
ADA,2022-03-01 00:00:00+00:00,0.9863212498189763,0.986815186236635,0.3595384379882872,1.0000000000000009,0.6404615620117137,0.6404615620117137
ADA,2022-03-31 00:00:00+00:00,0.9891409138635114,0.9889385759686202,0.4001549826562554,1.0000000000000007,0.5998450173437453,0.5998450173437453
ADA,2022-04-30 00:00:00+00:00,0.9962965929198809,0.9964029953436767,0.37248979056260745,0.9999999999999996,0.6275102094373921,0.6275102094373921
ADA,2022-05-30 00:00:00+00:00,0.9948350602773365,0.9952451765869595,0.4135757404717211,1.0,0.5864242595282789,0.5864242595282789
ADA,2022-06-29 00:00:00+00:00,0.9990855514342912,0.9986934531861863,0.4780770438378932,0.9999999999999996,0.5219229561621064,0.5219229561621064
ADA,2022-07-29 00:00:00+00:00,0.9947480493936577,0.9944764559106019,0.47485532121892293,0.9999999999999989,0.525144678781076,0.525144678781076
ADA,2022-08-28 00:00:00+00:00,0.9891085762892691,0.989234291181416,0.4972968397088646,1.0,0.5027031602911354,0.5027031602911354
ADA,2022-09-27 00:00:00+00:00,0.9759924582287409,0.9767924030979424,0.5388950763259506,1.0000000000000009,0.46110492367405037,0.46110492367405037
ADA,2022-10-27 00:00:00+00:00,0.9899280010780208,0.9899671806725656,0.6049137803965341,1.000000000000001,0.395086219603467,0.395086219603467
ADA,2022-11-26 00:00:00+00:00,0.9898860188678438,0.9895665627989129,0.48811969698452484,1.0000000000000002,0.5118803030154754,0.5118803030154754
ADA,2022-12-26 00:00:00+00:00,0.992607113390217,0.9929354487910524,0.4416032507042691,0.9999999999999998,0.5583967492957307,0.5583967492957307
ADA,2023-01-25 00:00:00+00:00,0.9932074589655059,0.9923632448975638,0.43625522290556196,0.9999999999999987,0.5637447770944367,0.5637447770944367
ADA,2023-02-24 00:00:00+00:00,0.9912235458069052,0.9920045696560533,0.40939336173152996,0.9999999999999998,0.5906066382684698,0.5906066382684698
ADA,2023-03-26 00:00:00+00:00,0.9964529710531539,0.9964088686491821,0.4034358073028462,0.9999999999999982,0.596564192697152,0.596564192697152
ADA,2023-04-25 00:00:00+00:00,0.9960907409225852,0.9965435219602318,0.4244936190499392,1.0000000000000002,0.575506380950061,0.575506380950061
ADA,2023-05-25 00:00:00+00:00,0.9939398091028039,0.9940577271193067,0.4916622704134911,1.0000000000000004,0.5083377295865094,0.5083377295865094
ADA,2023-06-24 00:00:00+00:00,0.9970520668486098,0.9971273221587141,0.5043722830258799,1.0000000000000018,0.49562771697412183,0.49562771697412183
ADA,2023-07-24 00:00:00+00:00,0.9932312799066513,0.993855428099183,0.5038594469170785,1.0000000000000004,0.49614055308292193,0.49614055308292193
ADA,2023-08-23 00:00:00+00:00,0.9913733117144069,0.9917599756985068,0.5467977708255364,0.9999999999999991,0.45320222917446273,0.45320222917446273
ADA,2023-09-22 00:00:00+00:00,0.9960975777558868,0.9958793198369619,0.5528702994830147,0.9999999999999987,0.447129700516984,0.447129700516984
ADA,2023-10-22 00:00:00+00:00,0.9919980217784206,0.992787193373692,0.5589824042164158,0.9999999999999991,0.4410175957835833,0.4410175957835833
ADA,2023-11-21 00:00:00+00:00,0.9912242905158852,0.9910140491407492,0.5560669712494064,1.000000000000001,0.4439330287505947,0.4439330287505947
ADA,2023-12-21 00:00:00+00:00,0.9982675238120886,0.9984613045490923,0.4430133794048271,0.9999999999999987,0.5569866205951716,0.5569866205951716
ADA,2024-01-20 00:00:00+00:00,0.9971225693501334,0.9969584739806477,0.461524052420377,0.9999999999999988,0.5384759475796218,0.5384759475796218
ADA,2024-02-19 00:00:00+00:00,0.9930808897862294,0.9937041883170636,0.49428971630887886,0.999999999999999,0.5057102836911201,0.5057102836911201
ADA,2024-03-20 00:00:00+00:00,0.9909064081680402,0.9916856402791155,0.4673740444561938,0.9999999999999998,0.532625955543806,0.532625955543806
ADA,2024-04-19 00:00:00+00:00,0.9938065609626889,0.9925836294796093,0.44004302201671397,1.0000000000000009,0.5599569779832869,0.5599569779832869
ADA,2024-05-19 00:00:00+00:00,0.9885767097299479,0.9886082549100971,0.4851485222628742,0.9999999999999998,0.5148514777371256,0.5148514777371256
ADA,2024-06-18 00:00:00+00:00,0.9895897900120564,0.9891424027263377,0.5694757646433867,1.0000000000000013,0.43052423535661466,0.43052423535661466
ADA,2024-07-18 00:00:00+00:00,0.9940869260234233,0.9946443055747686,0.5490661719058612,1.0000000000000007,0.4509338280941395,0.4509338280941395
ADA,2024-08-17 00:00:00+00:00,0.9954031744036423,0.9949307140939434,0.556410325538871,0.9999999999999993,0.44358967446112824,0.44358967446112824
ADA,2024-09-16 00:00:00+00:00,0.9980122474272419,0.9982952574390581,0.6138450187347075,1.0000000000000022,0.38615498126529474,0.38615498126529474
ADA,2024-10-16 00:00:00+00:00,0.9990780816158358,0.9987020113092353,0.6284879161611481,1.0000000000000009,0.37151208383885287,0.37151208383885287
ADA,2024-11-15 00:00:00+00:00,0.998753402369252,0.998909015622509,0.6517820242426858,0.9999999999999991,0.3482179757573133,0.3482179757573133
ADA,2024-12-15 00:00:00+00:00,0.9995109013668276,0.999444063718561,0.6827557974361067,1.0000000000000004,0.3172442025638938,0.3172442025638938
ADA,2025-01-14 00:00:00+00:00,0.9962143913918345,0.9958206935535863,0.6665112095197012,1.0,0.33348879048029884,0.33348879048029884
ADA,2025-02-13 00:00:00+00:00,0.9932202518862477,0.9922042528089591,0.6531143030740656,1.0000000000000002,0.34688569692593463,0.34688569692593463
ADA,2025-03-15 00:00:00+00:00,0.9867904836656269,0.9872906439286435,0.6585858772882955,1.0000000000000013,0.34141412271170585,0.34141412271170585
ADA,2025-04-14 00:00:00+00:00,0.9875609101239696,0.9889847682299254,0.6488088417851254,0.9999999999999986,0.3511911582148731,0.3511911582148731
ADA,2025-05-14 00:00:00+00:00,0.9947480493936577,0.9943601568719607,0.6278050041983749,1.0000000000000004,0.3721949958016255,0.3721949958016255
ADA,2025-06-13 00:00:00+00:00,0.9955027192505178,0.9964926209906938,0.5916481530159639,1.0000000000000004,0.4083518469840366,0.4083518469840366
ADA,2025-07-13 00:00:00+00:00,0.9943391413303803,0.9940767290286555,0.5334898269708925,1.0000000000000018,0.46651017302910924,0.46651017302910924
ADA,2025-08-12 00:00:00+00:00,0.9908191200533415,0.9899039865214317,0.5089006037057136,0.9999999999999987,0.49109939629428506,0.49109939629428506
ADA,2025-09-11 00:00:00+00:00,0.9923074937881126,0.9919167925603442,0.5549555276329633,0.9999999999999981,0.4450444723670348,0.4450444723670348
ADA,2025-10-11 00:00:00+00:00,0.9893784478907596,0.9897392306136166,0.5139472009678312,0.9999999999999998,0.4860527990321685,0.4860527990321685
ADA,2025-11-10 00:00:00+00:00,0.9876458146928279,0.9876747721531303,0.5111486990467236,0.999999999999998,0.4888513009532745,0.4888513009532745
ADA,2025-12-10 00:00:00+00:00,0.9898923417731751,0.989800738206914,0.4601180880057959,0.9999999999999987,0.5398819119942028,0.5398819119942028
ADA,2026-01-09 00:00:00+00:00,0.9944199906215284,0.9948731526857839,0.46779669738862417,0.9999999999999993,0.5322033026113752,0.5322033026113752
ADA,2026-02-08 00:00:00+00:00,0.9971079547954971,0.9972646259714646,0.49398292857821047,0.9999999999999996,0.5060170714217891,0.5060170714217891
ADA,2026-03-10 00:00:00+00:00,0.9971225693501334,0.9973440970251776,0.47159538850443716,1.0000000000000018,0.5284046114955646,0.5284046114955646
ADA,2026-04-09 00:00:00+00:00,0.9984801987783569,0.9980960645404074,0.5076764872173882,1.0000000000000022,0.49232351278261405,0.49232351278261405
BNB,2020-10-07 00:00:00+00:00,0.9921324815487312,0.9909061092750031,0.49738332551485587,1.0000000000000002,0.5026166744851444,0.5026166744851444
BNB,2020-11-06 00:00:00+00:00,0.9981555195317731,0.9986399533216285,0.5188322862472844,1.0000000000000013,0.48116771375271694,0.48116771375271694
BNB,2020-12-06 00:00:00+00:00,0.9987743871025572,0.9986956114925194,0.5076904254339263,1.0000000000000024,0.4923095745660762,0.4923095745660762
BNB,2021-01-05 00:00:00+00:00,0.9932202518862477,0.9919823791771627,0.511758846443825,1.0000000000000007,0.48824115355617576,0.48824115355617576
BNB,2021-02-04 00:00:00+00:00,0.9976709344193939,0.9977343952435934,0.5066799382954036,0.9999999999999992,0.49332006170459564,0.49332006170459564
BNB,2021-03-06 00:00:00+00:00,0.9945478440995541,0.9942787335501545,0.5029407549152074,0.9999999999999998,0.4970592450847923,0.4970592450847923
BNB,2021-04-05 00:00:00+00:00,0.9931719964714224,0.9930156272038069,0.44393051263559324,0.9999999999999983,0.5560694873644051,0.5560694873644051
BNB,2021-05-05 00:00:00+00:00,0.9900647852415221,0.9888525003005877,0.42212132602806296,1.0000000000000007,0.5778786739719377,0.5778786739719377
BNB,2021-06-04 00:00:00+00:00,0.9933897992266035,0.9935251298959493,0.4507585965867662,0.9999999999999998,0.5492414034132336,0.5492414034132336
BNB,2021-07-04 00:00:00+00:00,0.9923800813714378,0.9929107726470985,0.42867030805325645,1.0000000000000004,0.571329691946744,0.571329691946744
BNB,2021-08-03 00:00:00+00:00,0.9919394544170358,0.9911677879173706,0.41130568680385593,0.9999999999999996,0.5886943131961436,0.5886943131961436
BNB,2021-09-02 00:00:00+00:00,0.9899994084449867,0.9887990152190129,0.3900584393360752,1.000000000000002,0.6099415606639268,0.6099415606639268
BNB,2021-10-02 00:00:00+00:00,0.9873526154608936,0.9859427591973952,0.3717765469589419,0.9999999999999993,0.6282234530410574,0.6282234530410574
BNB,2021-11-01 00:00:00+00:00,0.9922772134016146,0.9922507250741384,0.4346817879069472,1.0000000000000004,0.5653182120930532,0.5653182120930532
BNB,2021-12-01 00:00:00+00:00,0.9927285702293785,0.992372244847059,0.46376558788044775,1.0,0.5362344121195523,0.5362344121195523
BNB,2021-12-31 00:00:00+00:00,0.9956649004834967,0.9958382246637546,0.5116463592987401,0.9999999999999998,0.4883536407012597,0.4883536407012597
BNB,2022-01-30 00:00:00+00:00,0.9902395853529141,0.9901706807874663,0.53555767467268,1.0000000000000013,0.4644423253273214,0.4644423253273214
BNB,2022-03-01 00:00:00+00:00,0.984853071629395,0.9854298853118867,0.5428833324496114,1.0000000000000002,0.45711666755038877,0.45711666755038877
BNB,2022-03-31 00:00:00+00:00,0.9858143865285076,0.9863977017241459,0.5037921503780483,1.0000000000000007,0.4962078496219524,0.4962078496219524
BNB,2022-04-30 00:00:00+00:00,0.9824672142866063,0.9810780045936586,0.47436887292634544,0.9999999999999998,0.5256311270736543,0.5256311270736543
BNB,2022-05-30 00:00:00+00:00,0.9873693363410574,0.9875069377746513,0.46094957144040205,1.0000000000000004,0.5390504285595984,0.5390504285595984
BNB,2022-06-29 00:00:00+00:00,0.9819699236722613,0.9823527463752234,0.5111080377044239,1.0,0.48889196229557613,0.48889196229557613
BNB,2022-07-29 00:00:00+00:00,0.9787549579575153,0.9787578376723094,0.48717382340512627,0.9999999999999993,0.5128261765948731,0.5128261765948731
BNB,2022-08-28 00:00:00+00:00,0.9833129164315436,0.9839164401987605,0.5262022090473621,1.0,0.4737977909526378,0.4737977909526378
BNB,2022-09-27 00:00:00+00:00,0.9915421980874957,0.9907943840526654,0.4919062190711003,1.0000000000000004,0.5080937809289001,0.5080937809289001
BNB,2022-10-27 00:00:00+00:00,0.9927562105396455,0.9924848551261093,0.5740226465247428,0.9999999999999976,0.4259773534752548,0.4259773534752548
BNB,2022-11-26 00:00:00+00:00,0.9945999222336147,0.9952318028686716,0.4956078828933167,0.9999999999999991,0.5043921171066824,0.5043921171066824
BNB,2022-12-26 00:00:00+00:00,0.9950407559317015,0.9957702041201688,0.45582964748207844,1.0000000000000007,0.5441703525179222,0.5441703525179222
BNB,2023-01-25 00:00:00+00:00,0.9962907898201749,0.9961625974135261,0.47876112501505175,0.9999999999999998,0.521238874984948,0.521238874984948
BNB,2023-02-24 00:00:00+00:00,0.9970144288457256,0.9963454502688599,0.5041621885004164,1.0000000000000002,0.4958378114995838,0.4958378114995838
BNB,2023-03-26 00:00:00+00:00,0.9944987610411099,0.994634822974457,0.4806733970622197,0.9999999999999989,0.5193266029377792,0.5193266029377792
BNB,2023-04-25 00:00:00+00:00,0.997350728081952,0.9968297127241754,0.4473136227973391,1.0000000000000002,0.5526863772026611,0.5526863772026611
BNB,2023-05-25 00:00:00+00:00,0.9932181738584617,0.9934525443150074,0.44987373050678303,0.9999999999999996,0.5501262694932165,0.5501262694932165
BNB,2023-06-24 00:00:00+00:00,0.9942732931540998,0.9944056939547349,0.44719878542395286,1.0000000000000004,0.5528012145760476,0.5528012145760476
BNB,2023-07-24 00:00:00+00:00,0.9946921614467703,0.9940935807177862,0.48719281538945725,0.9999999999999998,0.5128071846105425,0.5128071846105425
BNB,2023-08-23 00:00:00+00:00,0.9965828220527104,0.9970815119478426,0.5076665626981995,0.9999999999999993,0.4923334373017998,0.4923334373017998
BNB,2023-09-22 00:00:00+00:00,0.9951663958576548,0.9945609631736145,0.5196818014669431,1.0000000000000009,0.4803181985330578,0.4803181985330578
BNB,2023-10-22 00:00:00+00:00,0.9960975777558868,0.9957707526613636,0.4996288759773493,1.0000000000000018,0.5003711240226525,0.5003711240226525
BNB,2023-11-21 00:00:00+00:00,0.997928697698687,0.9977176105204079,0.533363025284847,0.9999999999999989,0.46663697471515186,0.46663697471515186
BNB,2023-12-21 00:00:00+00:00,0.9953592494291184,0.9957249644477232,0.5119929243948451,1.0,0.4880070756051548,0.4880070756051548
BNB,2024-01-20 00:00:00+00:00,0.9982884650914456,0.9983602495151784,0.4992223601460979,0.9999999999999987,0.5007776398539008,0.5007776398539008
BNB,2024-02-19 00:00:00+00:00,0.9954285240960006,0.9944677146602066,0.49124935778960077,0.9999999999999993,0.5087506422103986,0.5087506422103986
BNB,2024-03-20 00:00:00+00:00,0.986379962858202,0.9865993822885247,0.5078844765804251,0.9999999999999991,0.492115523419574,0.492115523419574
BNB,2024-04-19 00:00:00+00:00,0.991137335673544,0.9915365112902312,0.5527581094716674,1.0000000000000004,0.4472418905283331,0.4472418905283331
BNB,2024-05-19 00:00:00+00:00,0.9976135246411814,0.9977897461654067,0.5630046596776892,1.000000000000001,0.43699534032231185,0.43699534032231185
BNB,2024-06-18 00:00:00+00:00,0.9980827694370805,0.9977619865200315,0.5460802027754654,0.9999999999999998,0.4539197972245343,0.4539197972245343
BNB,2024-07-18 00:00:00+00:00,0.9956591341295705,0.9956322746934066,0.516074683556163,0.9999999999999987,0.48392531644383563,0.48392531644383563
BNB,2024-08-17 00:00:00+00:00,0.9950543915773391,0.9953081578598263,0.5730618075253939,1.0000000000000007,0.4269381924746068,0.4269381924746068
BNB,2024-09-16 00:00:00+00:00,0.9978336694259049,0.9974691015681278,0.561396670260016,0.9999999999999996,0.4386033297399835,0.4386033297399835
BNB,2024-10-16 00:00:00+00:00,0.9973783865974597,0.9971688350260868,0.543670437583148,0.9999999999999996,0.4563295624168515,0.4563295624168515
BNB,2024-11-15 00:00:00+00:00,0.9960975777558868,0.9959070937810776,0.6187824076996593,1.0,0.38121759230034064,0.38121759230034064
BNB,2024-12-15 00:00:00+00:00,0.9927989878603821,0.9930546729686824,0.6267414484956773,1.0000000000000004,0.37325855150432324,0.37325855150432324
BNB,2025-01-14 00:00:00+00:00,0.994436530747778,0.9944165072668899,0.646441676545418,1.0000000000000018,0.3535583234545839,0.3535583234545839
BNB,2025-02-13 00:00:00+00:00,0.9977085529139633,0.9974797132403812,0.5485357524244927,0.9999999999999982,0.45146424757550546,0.45146424757550546
BNB,2025-03-15 00:00:00+00:00,0.9971470951213918,0.9974697809870345,0.4815091403739862,0.9999999999999998,0.5184908596260136,0.5184908596260136
BNB,2025-04-14 00:00:00+00:00,0.9972772254049548,0.9970852789647695,0.44173216817865557,1.0000000000000004,0.5582678318213449,0.5582678318213449
BNB,2025-05-14 00:00:00+00:00,0.9965647202060995,0.9967787074720719,0.4118080190514847,0.9999999999999996,0.5881919809485149,0.5881919809485149
BNB,2025-06-13 00:00:00+00:00,0.9978836093856621,0.9981632715428721,0.4045640378388383,0.9999999999999993,0.595435962161161,0.595435962161161
BNB,2025-07-13 00:00:00+00:00,0.9933549283332459,0.9927111469121986,0.37460567658184063,1.0000000000000002,0.6253943234181596,0.6253943234181596
BNB,2025-08-12 00:00:00+00:00,0.9981134086197468,0.9983725292213328,0.36313324592137564,1.0,0.6368667540786244,0.6368667540786244
BNB,2025-09-11 00:00:00+00:00,0.9990780816158358,0.9988424429880401,0.39835286904034484,0.9999999999999994,0.6016471309596546,0.6016471309596546
BNB,2025-10-11 00:00:00+00:00,0.9978205571942789,0.9980273596322841,0.4050810153886162,1.0000000000000013,0.5949189846113851,0.5949189846113851
BNB,2025-11-10 00:00:00+00:00,0.99715660131047,0.997783396515513,0.42625101620081085,1.0000000000000004,0.5737489837991896,0.5737489837991896
BNB,2025-12-10 00:00:00+00:00,0.9967776502997377,0.9967571788457162,0.4520415543403953,1.0000000000000004,0.5479584456596052,0.5479584456596052
BNB,2026-01-09 00:00:00+00:00,0.9979498238774079,0.9983301749098448,0.4641620579643684,0.9999999999999989,0.5358379420356305,0.5358379420356305
BNB,2026-02-08 00:00:00+00:00,0.9974627323622677,0.9978671872885717,0.46619627922763907,0.9999999999999993,0.5338037207723603,0.5338037207723603
BNB,2026-03-10 00:00:00+00:00,0.9966620357239319,0.9969665760933901,0.44823262657648266,1.0000000000000002,0.5517673734235176,0.5517673734235176
BNB,2026-04-09 00:00:00+00:00,0.999099066349141,0.9994084517057354,0.4901878400803398,1.0000000000000007,0.5098121599196609,0.5098121599196609
BTC,2020-10-07 00:00:00+00:00,0.9910547119491971,0.9915743167769467,0.4973622746613763,1.0,0.5026377253386237,0.5026377253386237
BTC,2020-11-06 00:00:00+00:00,0.9878817907336909,0.9873402075117393,0.4700631923826949,0.9999999999999996,0.5299368076173047,0.5299368076173047
BTC,2020-12-06 00:00:00+00:00,0.991054711949197,0.9916886125960279,0.47340313620081176,1.0000000000000004,0.5265968637991887,0.5265968637991887
BTC,2021-01-05 00:00:00+00:00,0.9957776200497517,0.9961456987441794,0.46742621101573767,0.9999999999999996,0.5325737889842619,0.5325737889842619
BTC,2021-02-04 00:00:00+00:00,0.9991862221202438,0.9993794407730253,0.49727981677459765,0.9999999999999984,0.5027201832254008,0.5027201832254008
BTC,2021-03-06 00:00:00+00:00,0.9999292719874608,0.9999437100080595,0.46314963282544597,1.0000000000000002,0.5368503671745543,0.5368503671745543
BTC,2021-04-05 00:00:00+00:00,0.9988499228840172,0.9984523057310614,0.49146512034177725,1.0000000000000009,0.5085348796582236,0.5085348796582236
BTC,2021-05-05 00:00:00+00:00,0.9973570982606209,0.9977251689459203,0.49410075493821315,0.999999999999998,0.5058992450617849,0.5058992450617849
BTC,2021-06-04 00:00:00+00:00,0.9964836433916386,0.9965941717910904,0.5285021820969333,1.0000000000000022,0.47149781790306894,0.47149781790306894
BTC,2021-07-04 00:00:00+00:00,0.9960849206055782,0.9959844071393069,0.4967141633360792,0.9999999999999994,0.5032858366639202,0.5032858366639202
BTC,2021-08-03 00:00:00+00:00,0.9946677971879194,0.9943278704994978,0.41991449544339465,0.9999999999999987,0.580085504556604,0.580085504556604
BTC,2021-09-02 00:00:00+00:00,0.9955509396620813,0.9957485336298526,0.4841139312195255,1.0000000000000002,0.5158860687804747,0.5158860687804747
BTC,2021-10-02 00:00:00+00:00,0.9962538110017355,0.9961723863590756,0.4575083207427513,0.999999999999998,0.5424916792572467,0.5424916792572467
BTC,2021-11-01 00:00:00+00:00,0.9952727133003826,0.995335483575355,0.5004162335073623,1.0,0.49958376649263764,0.49958376649263764
BTC,2021-12-01 00:00:00+00:00,0.9971726909430946,0.9972829312336716,0.4872282022089952,0.9999999999999991,0.5127717977910039,0.5127717977910039
BTC,2021-12-31 00:00:00+00:00,0.9988499228840172,0.9988343837644078,0.484674231055774,0.9999999999999996,0.5153257689442255,0.5153257689442255
BTC,2022-01-30 00:00:00+00:00,0.9977754688812541,0.9981006211882213,0.5009148229552922,0.9999999999999993,0.49908517704470706,0.49908517704470706
BTC,2022-03-01 00:00:00+00:00,0.9962639962789525,0.996230331702806,0.42257267183818226,1.000000000000001,0.5774273281618189,0.5774273281618189
BTC,2022-03-31 00:00:00+00:00,0.9976135246411814,0.9972723495963964,0.4777942196945355,0.9999999999999987,0.5222057803054632,0.5222057803054632
BTC,2022-04-30 00:00:00+00:00,0.9916341599100803,0.992803606032197,0.47122167603876364,1.0000000000000002,0.5287783239612366,0.5287783239612366
BTC,2022-05-30 00:00:00+00:00,0.9909790735761745,0.992356167892685,0.46537304072396146,1.0000000000000002,0.5346269592760388,0.5346269592760388
BTC,2022-06-29 00:00:00+00:00,0.9974507896346703,0.9977443893921916,0.5965450795071516,1.0000000000000002,0.40345492049284865,0.40345492049284865
BTC,2022-07-29 00:00:00+00:00,0.9992873833127487,0.9993794407730254,0.5275664051603914,0.9999999999999998,0.4724335948396083,0.4724335948396083
BTC,2022-08-28 00:00:00+00:00,0.9976049289836486,0.9975736465994387,0.6034058762452081,1.0000000000000004,0.3965941237547923,0.3965941237547923
BTC,2022-09-27 00:00:00+00:00,0.9977060901761534,0.9976221618709995,0.5514455726154055,0.9999999999999987,0.4485544273845932,0.4485544273845932
BTC,2022-10-27 00:00:00+00:00,0.9978416833729999,0.9974822487530555,0.5861467455808248,0.9999999999999998,0.413853254419175,0.413853254419175
BTC,2022-11-26 00:00:00+00:00,0.9959787366422695,0.9958785925201807,0.5575851908299531,0.9999999999999984,0.4424148091700454,0.4424148091700454
BTC,2022-12-26 00:00:00+00:00,0.9980122474272419,0.9979919756779334,0.5180100586018466,1.0000000000000013,0.4819899413981547,0.4819899413981547
BTC,2023-01-25 00:00:00+00:00,0.9958129773036487,0.996085690600894,0.550672935734925,1.0000000000000007,0.4493270642650756,0.4493270642650756
BTC,2023-02-24 00:00:00+00:00,0.9970730515819151,0.9973449106728677,0.46789400977355133,0.999999999999998,0.5321059902264467,0.5321059902264467
BTC,2023-03-26 00:00:00+00:00,0.9991862221202438,0.9988503572662879,0.5377737462231467,1.0000000000000007,0.46222625377685406,0.46222625377685406
BTC,2023-04-25 00:00:00+00:00,0.9987743871025572,0.9986766654423781,0.5232610435978962,1.0000000000000022,0.476738956402106,0.476738956402106
BTC,2023-05-25 00:00:00+00:00,0.9965816422505522,0.9967151888593598,0.5066514002276565,1.0000000000000004,0.49334859977234385,0.49334859977234385
BTC,2023-06-24 00:00:00+00:00,0.9928865845575118,0.9936609928767449,0.49104916736128246,0.9999999999999998,0.5089508326387173,0.5089508326387173
BTC,2023-07-24 00:00:00+00:00,0.9895963256150031,0.9883930589311202,0.5078411043425595,1.0000000000000007,0.49215889565744125,0.49215889565744125
BTC,2023-08-23 00:00:00+00:00,0.9884757940243685,0.9892565119512234,0.5322371328327464,0.9999999999999996,0.4677628671672531,0.4677628671672531
BTC,2023-09-22 00:00:00+00:00,0.9900237833521781,0.9905231176503642,0.5520185764174241,1.0000000000000022,0.44798142358257814,0.44798142358257814
BTC,2023-10-22 00:00:00+00:00,0.9838414541947551,0.9850903726485468,0.5457077028759725,1.0000000000000013,0.4542922971240289,0.4542922971240289
BTC,2023-11-21 00:00:00+00:00,0.9962248123213352,0.9962462493610079,0.5838342234816061,0.9999999999999984,0.4161657765183924,0.4161657765183924
BTC,2023-12-21 00:00:00+00:00,0.9994027608624196,0.9996202718411249,0.5351713010264523,1.0000000000000009,0.46482869897354856,0.46482869897354856
BTC,2024-01-20 00:00:00+00:00,0.9975714137291553,0.9968914407384049,0.5214238355529754,1.0000000000000009,0.47857616444702544,0.47857616444702544
BTC,2024-02-19 00:00:00+00:00,0.9854447630213926,0.9839551329570747,0.5019349053285254,1.0,0.4980650946714747,0.4980650946714747
BTC,2024-03-20 00:00:00+00:00,0.9905306577191457,0.991139548159206,0.5023051193404243,1.0000000000000004,0.4976948806595761,0.4976948806595761
BTC,2024-04-19 00:00:00+00:00,0.9865059541820586,0.987106357951599,0.5008017522714721,1.0000000000000009,0.4991982477285289,0.4991982477285289
BTC,2024-05-19 00:00:00+00:00,0.9868948506083773,0.985032769083563,0.5551383458050031,0.9999999999999996,0.44486165419499646,0.44486165419499646
BTC,2024-06-18 00:00:00+00:00,0.9943488289355599,0.9944129849586777,0.563347287998393,0.9999999999999973,0.4366527120016044,0.4366527120016044
BTC,2024-07-18 00:00:00+00:00,0.9959757123101597,0.9964159375942868,0.6100886179960142,0.9999999999999971,0.3899113820039829,0.3899113820039829
BTC,2024-08-17 00:00:00+00:00,0.9943205181124121,0.993516646038662,0.6393379888586752,1.0000000000000016,0.3606620111413263,0.3606620111413263
BTC,2024-09-16 00:00:00+00:00,0.9941220036604653,0.9942373511733661,0.7382142687928056,1.0,0.2617857312071944,0.2617857312071944
BTC,2024-10-16 00:00:00+00:00,0.9929900151266432,0.992875077156104,0.7173149994507607,1.0000000000000002,0.2826850005492395,0.2826850005492395
BTC,2024-11-15 00:00:00+00:00,0.9909301606365166,0.9909593057013633,0.7412828320599412,1.0000000000000004,0.2587171679400593,0.2587171679400593
BTC,2024-12-15 00:00:00+00:00,0.9919540158452468,0.9929235411605685,0.6009868312430948,1.0000000000000013,0.39901316875690657,0.39901316875690657
BTC,2025-01-14 00:00:00+00:00,0.9966051002308001,0.9969954606587927,0.6226425183427027,0.9999999999999999,0.37735748165729716,0.37735748165729716
BTC,2025-02-13 00:00:00+00:00,0.9971726909430946,0.9966881711183581,0.6858042517130118,0.9999999999999989,0.3141957482869871,0.3141957482869871
BTC,2025-03-15 00:00:00+00:00,0.9922851761654493,0.99204469592764,0.6054885372701351,0.9999999999999987,0.3945114627298636,0.3945114627298636
BTC,2025-04-14 00:00:00+00:00,0.988712694124107,0.9873631810966536,0.5238821945451346,1.0000000000000004,0.4761178054548658,0.4761178054548658
BTC,2025-05-14 00:00:00+00:00,0.9918491093731884,0.9917473979576862,0.5156082773847661,0.9999999999999997,0.4843917226152336,0.4843917226152336
BTC,2025-06-13 00:00:00+00:00,0.9982675238120886,0.9982990573467091,0.4985381552378144,1.0000000000000002,0.5014618447621858,0.5014618447621858
BTC,2025-07-13 00:00:00+00:00,0.9995039220549246,0.9992706893053158,0.4941825470704758,0.9999999999999972,0.5058174529295214,0.5058174529295214
BTC,2025-08-12 00:00:00+00:00,0.9987534023692519,0.998732995854233,0.4333226124988331,0.999999999999999,0.5666773875011659,0.5666773875011659
BTC,2025-09-11 00:00:00+00:00,0.9995109013668276,0.9994990965889292,0.4559930751747405,0.9999999999999993,0.5440069248252588,0.5440069248252588
BTC,2025-10-11 00:00:00+00:00,0.9973005511292888,0.9971070609823272,0.4141216472256949,0.9999999999999993,0.5858783527743044,0.5858783527743044
BTC,2025-11-10 00:00:00+00:00,0.9912044366808738,0.9918236510138898,0.44329110693318863,0.9999999999999997,0.556708893066811,0.556708893066811
BTC,2025-12-10 00:00:00+00:00,0.990766537735287,0.9900130809276837,0.4267768775652483,1.0000000000000002,0.5732231224347519,0.5732231224347519
BTC,2026-01-09 00:00:00+00:00,0.9906622116386353,0.990014623449156,0.4502021328804112,1.0000000000000004,0.5497978671195892,0.5497978671195892
BTC,2026-02-08 00:00:00+00:00,0.9797681270412062,0.9797499062174649,0.5389799673470237,1.0000000000000009,0.46102003265297725,0.46102003265297725
BTC,2026-03-10 00:00:00+00:00,0.9808646548512889,0.9813848016497161,0.517993900241617,0.9999999999999989,0.482006099758382,0.482006099758382
BTC,2026-04-09 00:00:00+00:00,0.9915663806460784,0.9926592654350779,0.5346096676179989,1.0,0.4653903323820011,0.4653903323820011
DOGE,2020-10-07 00:00:00+00:00,0.9955509396620814,0.995717399407493,0.469789479951383,0.9999999999999991,0.5302105200486161,0.5302105200486161
DOGE,2020-11-06 00:00:00+00:00,0.9901007538460638,0.9905295134426619,0.397190587201957,1.0000000000000004,0.6028094127980435,0.6028094127980435
DOGE,2020-12-06 00:00:00+00:00,0.9912235458069052,0.9920039354102509,0.36742842761756167,0.9999999999999996,0.6325715723824379,0.6325715723824379
DOGE,2021-01-05 00:00:00+00:00,0.9918739525293766,0.9917767707529306,0.3723297344665124,1.0000000000000002,0.6276702655334878,0.6276702655334878
DOGE,2021-02-04 00:00:00+00:00,0.9931025547461719,0.9932088200694504,0.3946344029604233,1.0000000000000018,0.6053655970395785,0.6053655970395785
DOGE,2021-03-06 00:00:00+00:00,0.9945759198763681,0.993873936445288,0.40594323917469377,0.9999999999999969,0.5940567608253031,0.5940567608253031
DOGE,2021-04-05 00:00:00+00:00,0.997833669425905,0.9975817852694996,0.4275266455570106,1.0000000000000002,0.5724733544429896,0.5724733544429896
DOGE,2021-05-05 00:00:00+00:00,0.9945876312378527,0.9934122113949315,0.46741849531558766,0.9999999999999984,0.5325815046844108,0.5325815046844108
DOGE,2021-06-04 00:00:00+00:00,0.997984770578167,0.9981774720722262,0.5981596333590873,0.9999999999999991,0.40184036664091183,0.40184036664091183
DOGE,2021-07-04 00:00:00+00:00,0.9924831518361746,0.993088572016839,0.5714367756537266,1.0000000000000004,0.42856322434627375,0.42856322434627375
DOGE,2021-08-03 00:00:00+00:00,0.9991862221202439,0.9994879144608594,0.5248103965093565,1.0000000000000013,0.4751896034906448,0.4751896034906448
DOGE,2021-09-02 00:00:00+00:00,0.9973012344703699,0.9974838034754124,0.542060170228023,0.9999999999999996,0.4579398297719765,0.4579398297719765
DOGE,2021-10-02 00:00:00+00:00,0.9960256522699168,0.9962610452544745,0.48117914557457053,1.0,0.5188208544254295,0.5188208544254295
DOGE,2021-11-01 00:00:00+00:00,0.9992982264005594,0.9990638315286094,0.46131583089508266,1.0000000000000004,0.5386841691049178,0.5386841691049178
DOGE,2021-12-01 00:00:00+00:00,0.9995109013668276,0.9997393755424602,0.44120047010365093,0.9999999999999996,0.5587995298963486,0.5587995298963486
DOGE,2021-12-31 00:00:00+00:00,0.9994063669049675,0.9996008293135951,0.473683817075229,1.0000000000000013,0.5263161829247723,0.5263161829247723
DOGE,2022-01-30 00:00:00+00:00,0.9964305079757004,0.9970000325856753,0.49434996794679686,1.0000000000000002,0.5056500320532034,0.5056500320532034
DOGE,2022-03-01 00:00:00+00:00,0.9980122474272419,0.9983278757739753,0.4331241256789595,1.000000000000001,0.5668758743210416,0.5668758743210416
DOGE,2022-03-31 00:00:00+00:00,0.9976135246411814,0.9978379701118759,0.4795952378531615,0.9999999999999978,0.5204047621468363,0.5204047621468363
DOGE,2022-04-30 00:00:00+00:00,0.9988825276069652,0.9987584212271202,0.47729726911364156,0.9999999999999998,0.5227027308863582,0.5227027308863582
DOGE,2022-05-30 00:00:00+00:00,0.9956349434309514,0.9949386218669528,0.40233424316978095,1.0000000000000004,0.5976657568302195,0.5976657568302195
DOGE,2022-06-29 00:00:00+00:00,0.9977146858336862,0.9970670532424304,0.4118614568969635,1.0000000000000009,0.5881385431030374,0.5881385431030374
DOGE,2022-07-29 00:00:00+00:00,0.9997165970211928,0.9994845658250656,0.39839801392798424,0.9999999999999998,0.6016019860720155,0.6016019860720155
DOGE,2022-08-28 00:00:00+00:00,0.9955509396620815,0.9946058397160341,0.4563966510298567,0.9999999999999991,0.5436033489701424,0.5436033489701424
DOGE,2022-09-27 00:00:00+00:00,0.993956987809443,0.9944354761757459,0.4791405926054113,1.0000000000000013,0.52085940739459,0.52085940739459
DOGE,2022-10-27 00:00:00+00:00,0.9958915808711668,0.996033683623583,0.5251269236188592,1.0,0.4748730763811408,0.4748730763811408
DOGE,2022-11-26 00:00:00+00:00,0.9968955323724061,0.9969207315902358,0.4976153250601252,0.9999999999999986,0.5023846749398734,0.5023846749398734
DOGE,2022-12-26 00:00:00+00:00,0.9986372479177491,0.9985175192685767,0.5007225473403243,0.9999999999999989,0.4992774526596746,0.4992774526596746
DOGE,2023-01-25 00:00:00+00:00,0.9952051342367766,0.9953341334453446,0.5141206753118587,1.0000000000000002,0.48587932468814155,0.48587932468814155
DOGE,2023-02-24 00:00:00+00:00,0.9986372479177491,0.9986367478747817,0.4733668797108943,0.9999999999999991,0.5266331202891048,0.5266331202891048
DOGE,2023-03-26 00:00:00+00:00,0.9979077129653818,0.9980937084025993,0.47958326913969185,0.9999999999999998,0.5204167308603079,0.5204167308603079
DOGE,2023-04-25 00:00:00+00:00,0.9986806957285078,0.9985260313853132,0.48982032761974825,1.0000000000000004,0.5101796723802522,0.5101796723802522
DOGE,2023-05-25 00:00:00+00:00,0.9965661882914463,0.9963636659910768,0.5436072542878578,0.9999999999999989,0.4563927457121411,0.4563927457121411
DOGE,2023-06-24 00:00:00+00:00,0.9964529710531538,0.9970122137541324,0.5075289627900293,0.9999999999999987,0.4924710372099693,0.4924710372099693
DOGE,2023-07-24 00:00:00+00:00,0.9978192202955465,0.997680885541274,0.4963825535048042,1.000000000000001,0.5036174464951969,0.5036174464951969
DOGE,2023-08-23 00:00:00+00:00,0.9989735471539756,0.9990775306119617,0.5556410829632517,0.9999999999999993,0.44435891703674774,0.44435891703674774
DOGE,2023-09-22 00:00:00+00:00,0.9982323922119656,0.9983296508973126,0.5742927783159885,1.0,0.42570722168401154,0.42570722168401154
DOGE,2023-10-22 00:00:00+00:00,0.998745388422157,0.9984048899453962,0.5325004141239883,1.0000000000000018,0.4674995858760135,0.4674995858760135
DOGE,2023-11-21 00:00:00+00:00,0.9975170041264161,0.9971220548026847,0.5252103441189228,1.0000000000000007,0.4747896558810779,0.4747896558810779
DOGE,2023-12-21 00:00:00+00:00,0.9968955323724064,0.9964729421984345,0.49028917104092473,1.0000000000000013,0.5097108289590766,0.5097108289590766
DOGE,2024-01-20 00:00:00+00:00,0.998568691448192,0.9987891000205349,0.5077755422572365,1.0,0.49222445774276347,0.49222445774276347
DOGE,2024-02-19 00:00:00+00:00,0.9963619515061435,0.9971222641294455,0.49154246920679734,1.0000000000000004,0.5084575307932031,0.5084575307932031
DOGE,2024-03-20 00:00:00+00:00,0.9977689332783075,0.9979541446494964,0.4840226924557539,1.0000000000000007,0.5159773075442468,0.5159773075442468
DOGE,2024-04-19 00:00:00+00:00,0.9979077129653817,0.9973739596962166,0.48402341034857177,0.9999999999999982,0.5159765896514265,0.5159765896514265
DOGE,2024-05-19 00:00:00+00:00,0.9951410611854943,0.9939498865562075,0.5262317151020202,1.0,0.4737682848979799,0.4737682848979799
DOGE,2024-06-18 00:00:00+00:00,0.9890749242546757,0.9901455000058265,0.49728878614427807,1.0000000000000013,0.5027112138557233,0.5027112138557233
DOGE,2024-07-18 00:00:00+00:00,0.9964906766666228,0.9968705951191096,0.5678726244252288,1.0000000000000002,0.4321273755747714,0.4321273755747714
DOGE,2024-08-17 00:00:00+00:00,0.996859717431202,0.9966115456724199,0.6164086558291766,1.0,0.3835913441708234,0.3835913441708234
DOGE,2024-09-16 00:00:00+00:00,0.9886180124037716,0.9882859848102872,0.6443324899981782,1.0000000000000009,0.35566751000182273,0.35566751000182273
DOGE,2024-10-16 00:00:00+00:00,0.991496732297416,0.9909555622775683,0.6275864283866495,0.9999999999999993,0.3724135716133499,0.3724135716133499
DOGE,2024-11-15 00:00:00+00:00,0.9967477131508864,0.9974150972100431,0.6241149312123934,1.0000000000000009,0.3758850687876075,0.3758850687876075
DOGE,2024-12-15 00:00:00+00:00,0.9985542423178335,0.9986477945673755,0.6806740792339006,0.9999999999999967,0.3193259207660961,0.3193259207660961
DOGE,2025-01-14 00:00:00+00:00,0.9964338769921134,0.9960983242094005,0.6134014519122528,1.0000000000000004,0.38659854808774763,0.38659854808774763
DOGE,2025-02-13 00:00:00+00:00,0.9952727133003825,0.9955346627642173,0.6288668534072896,0.9999999999999996,0.37113314659270996,0.37113314659270996
DOGE,2025-03-15 00:00:00+00:00,0.9967862701139069,0.9962968208704662,0.5716462584742197,0.9999999999999998,0.42835374152578015,0.42835374152578015
DOGE,2025-04-14 00:00:00+00:00,0.9942205841871825,0.9937141381490808,0.5716393229457785,1.0000000000000016,0.4283606770542231,0.4283606770542231
DOGE,2025-05-14 00:00:00+00:00,0.9979892434873089,0.9984834513035029,0.5823015989989347,1.0000000000000009,0.41769840100106614,0.41769840100106614
DOGE,2025-06-13 00:00:00+00:00,0.9966402318309232,0.9971214003916845,0.5939211639139699,0.9999999999999991,0.4060788360860293,0.4060788360860293
DOGE,2025-07-13 00:00:00+00:00,0.9954531143633996,0.9953807011000323,0.5503483929112767,1.0,0.44965160708872337,0.44965160708872337
DOGE,2025-08-12 00:00:00+00:00,0.9973098301279029,0.997749649442324,0.5918311819935446,0.9999999999999996,0.408168818006455,0.408168818006455
DOGE,2025-09-11 00:00:00+00:00,0.9989945318872808,0.9988560818540587,0.6002630205820878,1.0000000000000009,0.39973697941791303,0.39973697941791303
DOGE,2025-10-11 00:00:00+00:00,0.9987003435630804,0.9986766359771546,0.549851899641953,1.000000000000001,0.45014810035804803,0.45014810035804803
DOGE,2025-11-10 00:00:00+00:00,0.9944232252596498,0.9946880868504321,0.5389987155413842,1.0,0.46100128445861577,0.46100128445861577
DOGE,2025-12-10 00:00:00+00:00,0.9970144288457254,0.9974605254843031,0.47259867105270137,1.0000000000000009,0.5274013289472995,0.5274013289472995
DOGE,2026-01-09 00:00:00+00:00,0.9975003945217884,0.9968038362106769,0.4988839921818996,1.0,0.5011160078181004,0.5011160078181004
DOGE,2026-02-08 00:00:00+00:00,0.9970914864585109,0.9967727410729924,0.4338917904180689,1.0000000000000013,0.5661082095819324,0.5661082095819324
DOGE,2026-03-10 00:00:00+00:00,0.9968828638497366,0.9969321216763007,0.46863009620209384,1.0000000000000002,0.5313699037979064,0.5313699037979064
DOGE,2026-04-09 00:00:00+00:00,0.996084920605578,0.9960174874829485,0.47243543807441246,1.0,0.5275645619255875,0.5275645619255875
ETH,2020-10-07 00:00:00+00:00,0.9897331820035818,0.9901932331996486,0.48205177690591816,1.0000000000000016,0.5179482230940834,0.5179482230940834
ETH,2020-11-06 00:00:00+00:00,0.9916675000386073,0.990711609566389,0.4904967516127129,1.000000000000001,0.5095032483872882,0.5095032483872882
ETH,2020-12-06 00:00:00+00:00,0.9947480493936578,0.9952205897181512,0.5016058344497383,1.0000000000000009,0.49839416555026267,0.49839416555026267
ETH,2021-01-05 00:00:00+00:00,0.9974779072876986,0.9976691161997405,0.5326158108253873,1.0000000000000002,0.46738418917461283,0.46738418917461283
ETH,2021-02-04 00:00:00+00:00,0.9965100719580181,0.9964706270809005,0.5006936094816135,1.0,0.4993063905183866,0.4993063905183866
ETH,2021-03-06 00:00:00+00:00,0.9983335534044705,0.998206345475459,0.4520942235540284,0.9999999999999996,0.5479057764459712,0.5479057764459712
ETH,2021-04-05 00:00:00+00:00,0.9988723859614708,0.9990080856281922,0.49120416250148424,1.0000000000000002,0.508795837498516,0.508795837498516
ETH,2021-05-05 00:00:00+00:00,0.9960271306140651,0.9966132287590868,0.5223118105388711,1.0000000000000002,0.4776881894611291,0.4776881894611291
ETH,2021-06-04 00:00:00+00:00,0.9960832711041299,0.99605902462269,0.5264081736640027,1.0000000000000013,0.47359182633599867,0.47359182633599867
ETH,2021-07-04 00:00:00+00:00,0.998568691448192,0.9983104448755151,0.48571598616331824,0.9999999999999996,0.5142840138366813,0.5142840138366813
ETH,2021-08-03 00:00:00+00:00,0.9960918667616626,0.9954805987277504,0.45792154574037824,0.9999999999999991,0.5420784542596209,0.5420784542596209
ETH,2021-09-02 00:00:00+00:00,0.9928533626295144,0.9923444398199557,0.5047814114917658,1.0000000000000029,0.4952185885082371,0.4952185885082371
ETH,2021-10-02 00:00:00+00:00,0.9911017789602604,0.9900555957485326,0.44782492028045384,0.9999999999999989,0.552175079719545,0.552175079719545
ETH,2021-11-01 00:00:00+00:00,0.9901230580929627,0.9906420464600884,0.4346086731590789,1.0000000000000013,0.5653913268409224,0.5653913268409224
ETH,2021-12-01 00:00:00+00:00,0.9947798014682352,0.9945198787718095,0.4292282341329814,1.000000000000001,0.5707717658670197,0.5707717658670197
ETH,2021-12-31 00:00:00+00:00,0.9938566892638186,0.9938129397847736,0.4612394871030965,0.999999999999998,0.5387605128969015,0.5387605128969015
ETH,2022-01-30 00:00:00+00:00,0.9951109686108751,0.9949655539881148,0.5166703537939101,1.0,0.4833296462060899,0.4833296462060899
ETH,2022-03-01 00:00:00+00:00,0.9965988171710308,0.997158056080882,0.4356604401016352,1.0000000000000004,0.5643395598983653,0.5643395598983653
ETH,2022-03-31 00:00:00+00:00,0.9956038804430225,0.9951113438207996,0.4737339878962171,0.9999999999999991,0.526266012103782,0.526266012103782
ETH,2022-04-30 00:00:00+00:00,0.9972345736304492,0.9969768301240818,0.4803656495107699,1.0000000000000007,0.5196343504892308,0.5196343504892308
ETH,2022-05-30 00:00:00+00:00,0.9954031744036427,0.9958147052373189,0.4316061521986475,1.0000000000000007,0.5683938478013532,0.5683938478013532
ETH,2022-06-29 00:00:00+00:00,0.9957776200497517,0.9960039705924063,0.448302379328554,0.9999999999999973,0.5516976206714433,0.5516976206714433
ETH,2022-07-29 00:00:00+00:00,0.9988723859614707,0.9991218481426264,0.43320281933458127,1.0000000000000004,0.5667971806654192,0.5667971806654192
ETH,2022-08-28 00:00:00+00:00,0.9953387428927644,0.9949267662557267,0.49903994088490944,0.9999999999999993,0.5009600591150899,0.5009600591150899
ETH,2022-09-27 00:00:00+00:00,0.995833379801784,0.9953967980618222,0.4861954663603827,1.0000000000000004,0.5138045336396178,0.5138045336396178
ETH,2022-10-27 00:00:00+00:00,0.995833379801784,0.9958007980658912,0.5104999383450346,0.9999999999999987,0.48950006165496407,0.48950006165496407
ETH,2022-11-26 00:00:00+00:00,0.998431552263384,0.9983999357309844,0.4914522917497638,0.9999999999999993,0.5085477082502355,0.5085477082502355
ETH,2022-12-26 00:00:00+00:00,0.9972946988674233,0.9967173347097559,0.4590418074112296,1.0,0.5409581925887704,0.5409581925887704
ETH,2023-01-25 00:00:00+00:00,0.99617994887836,0.996581068787084,0.4374540492500619,0.9999999999999991,0.5625459507499372,0.5625459507499372
ETH,2023-02-24 00:00:00+00:00,0.9976709344193939,0.9973662179995795,0.4192059551623313,0.9999999999999989,0.5807940448376676,0.5807940448376676
ETH,2023-03-26 00:00:00+00:00,0.9986442272296521,0.9987091691861163,0.4504154372624224,0.9999999999999991,0.5495845627375767,0.5495845627375767
ETH,2023-04-25 00:00:00+00:00,0.9987743871025572,0.9991142914194852,0.426636873678403,1.0000000000000002,0.5733631263215972,0.5733631263215972
ETH,2023-05-25 00:00:00+00:00,0.9964045770813584,0.9969672962185858,0.44059176296923497,1.0000000000000016,0.5594082370307666,0.5594082370307666
ETH,2023-06-24 00:00:00+00:00,0.9962538110017355,0.99646329347003,0.4245007399473466,1.0000000000000013,0.5754992600526547,0.5754992600526547
ETH,2023-07-24 00:00:00+00:00,0.9973507280819521,0.9978204479849668,0.42906024978333857,1.0,0.5709397502166614,0.5709397502166614
ETH,2023-08-23 00:00:00+00:00,0.9963744350962203,0.9960082306057078,0.4439283263065765,0.9999999999999987,0.5560716736934221,0.5560716736934221
ETH,2023-09-22 00:00:00+00:00,0.995166222297423,0.9951279191914834,0.4511760315686498,0.9999999999999991,0.5488239684313493,0.5488239684313493
ETH,2023-10-22 00:00:00+00:00,0.9967943711799012,0.997375131916746,0.4035052796172267,1.0000000000000013,0.5964947203827746,0.5964947203827746
ETH,2023-11-21 00:00:00+00:00,0.9964027941004906,0.9964071381427916,0.4199997498012876,1.0000000000000009,0.5800002501987133,0.5800002501987133
ETH,2023-12-21 00:00:00+00:00,0.9996120625593325,0.9996714172637919,0.40537026502205264,1.0000000000000018,0.5946297349779491,0.5946297349779491
ETH,2024-01-20 00:00:00+00:00,0.9976135246411814,0.9972142688833407,0.41660652938508,1.000000000000001,0.5833934706149211,0.5833934706149211
ETH,2024-02-19 00:00:00+00:00,0.992079346132793,0.9911113898533765,0.37809375440234294,1.0000000000000004,0.6219062455976575,0.6219062455976575
ETH,2024-03-20 00:00:00+00:00,0.9965661882914463,0.9969387221736802,0.389564388182262,1.0000000000000018,0.6104356118177398,0.6104356118177398
ETH,2024-04-19 00:00:00+00:00,0.9965828220527105,0.9966435263356225,0.3969833380824517,0.9999999999999989,0.6030166619175472,0.6030166619175472
ETH,2024-05-19 00:00:00+00:00,0.9972016896234948,0.9965634147301838,0.4138332027938625,0.9999999999999993,0.5861667972061368,0.5861667972061368
ETH,2024-06-18 00:00:00+00:00,0.9979077129653817,0.9984051419380432,0.3892539584949255,0.9999999999999998,0.6107460415050743,0.6107460415050743
ETH,2024-07-18 00:00:00+00:00,0.998568691448192,0.9984481750289657,0.4481017179073564,1.0,0.5518982820926436,0.5518982820926436
ETH,2024-08-17 00:00:00+00:00,0.9987534023692519,0.9982764931854352,0.4959365568558395,1.000000000000002,0.5040634431441625,0.5040634431441625
ETH,2024-09-16 00:00:00+00:00,0.995199024737239,0.9954682693759173,0.5070714333077864,1.0,0.4929285666922137,0.4929285666922137
ETH,2024-10-16 00:00:00+00:00,0.996859717431202,0.9963734293945339,0.5161925979732899,1.000000000000001,0.48380740202671124,0.48380740202671124
ETH,2024-11-15 00:00:00+00:00,0.9934079835887845,0.9942749207300741,0.5679141296596162,1.0000000000000009,0.4320858703403847,0.4320858703403847
ETH,2024-12-15 00:00:00+00:00,0.9939068662164819,0.9934083866522639,0.6047325133755379,0.9999999999999992,0.39526748662446126,0.39526748662446126
ETH,2025-01-14 00:00:00+00:00,0.992693917530211,0.9922544659258706,0.580733550397928,0.9999999999999996,0.4192664496020716,0.4192664496020716
ETH,2025-02-13 00:00:00+00:00,0.9967873379049172,0.9969670035395335,0.5878712795299628,1.0000000000000009,0.4121287204700381,0.4121287204700381
ETH,2025-03-15 00:00:00+00:00,0.9954641944773452,0.9954830736365363,0.533634245212215,0.9999999999999993,0.4663657547877843,0.4663657547877843
ETH,2025-04-14 00:00:00+00:00,0.9962538110017355,0.9960305560388467,0.5700975004296771,0.9999999999999998,0.42990249957032267,0.42990249957032267
ETH,2025-05-14 00:00:00+00:00,0.9946693009387154,0.9937750369081848,0.47138178409969733,0.9999999999999991,0.5286182159003018,0.5286182159003018
ETH,2025-06-13 00:00:00+00:00,0.9978416833729999,0.9972090220705558,0.4577198620889975,0.9999999999999988,0.5422801379110013,0.5422801379110013
ETH,2025-07-13 00:00:00+00:00,0.9985617121362891,0.9987802048337663,0.4564439628362251,1.0000000000000009,0.5435560371637758,0.5435560371637758
ETH,2025-08-12 00:00:00+00:00,0.9956580775145241,0.995702598401342,0.4240532977074022,1.0000000000000007,0.5759467022925985,0.5759467022925985
ETH,2025-09-11 00:00:00+00:00,0.9944891041594072,0.9935057849447962,0.49871164691458514,1.0000000000000007,0.5012883530854155,0.5012883530854155
ETH,2025-10-11 00:00:00+00:00,0.9943558622105438,0.994695855495465,0.43227004835483285,1.0000000000000004,0.5677299516451676,0.5677299516451676
ETH,2025-11-10 00:00:00+00:00,0.9920211885173584,0.9913962014826339,0.5167444089101171,1.000000000000001,0.48325559108988403,0.48325559108988403
ETH,2025-12-10 00:00:00+00:00,0.9926214581417406,0.9921675234056171,0.5200569057534317,0.9999999999999996,0.47994309424656784,0.47994309424656784
ETH,2026-01-09 00:00:00+00:00,0.9980448521501899,0.9983301749098448,0.5249711277535091,1.0,0.47502887224649093,0.47502887224649093
ETH,2026-02-08 00:00:00+00:00,0.9975487884935839,0.9975043456858216,0.5439689949285451,0.9999999999999993,0.4560310050714543,0.4560310050714543
ETH,2026-03-10 00:00:00+00:00,0.9929577573779671,0.9933944003951535,0.5009478395713847,0.9999999999999989,0.49905216042861417,0.49905216042861417
ETH,2026-04-09 00:00:00+00:00,0.9978192202955464,0.9981429979223634,0.5423836211446351,1.0000000000000009,0.45761637885536577,0.45761637885536577
LTC,2020-10-07 00:00:00+00:00,0.9924659731295356,0.9922101471255907,0.45940327324585806,0.9999999999999998,0.5405967267541417,0.5405967267541417
LTC,2020-11-06 00:00:00+00:00,0.9971967000085097,0.9963832779424768,0.4369487767968886,1.0000000000000002,0.5630512232031116,0.5630512232031116
LTC,2020-12-06 00:00:00+00:00,0.9990556185383823,0.999330806544834,0.4444013358240093,0.9999999999999989,0.5555986641759896,0.5555986641759896
LTC,2021-01-05 00:00:00+00:00,0.9987743871025572,0.9989934147387175,0.4589430083962084,0.9999999999999996,0.5410569916037912,0.5410569916037912
LTC,2021-02-04 00:00:00+00:00,0.998547706714887,0.998737317936,0.4788387770739212,1.0000000000000009,0.5211612229260797,0.5211612229260797
LTC,2021-03-06 00:00:00+00:00,0.9987003435630806,0.9990849348197302,0.4231062213662311,1.0000000000000004,0.5768937786337693,0.5768937786337693
LTC,2021-04-05 00:00:00+00:00,0.9974218344082185,0.9972183694816479,0.40334110103382537,1.0000000000000016,0.5966588989661762,0.5966588989661762
LTC,2021-05-05 00:00:00+00:00,0.9951664200142911,0.9955901702511762,0.43056942736128534,0.9999999999999998,0.5694305726387144,0.5694305726387144
LTC,2021-06-04 00:00:00+00:00,0.9995109013668276,0.9995229299781477,0.4503652125609504,1.0000000000000002,0.5496347874390498,0.5496347874390498
LTC,2021-07-04 00:00:00+00:00,0.9985542423178335,0.9986776427202135,0.4455824970384691,1.0000000000000002,0.5544175029615311,0.5544175029615311
LTC,2021-08-03 00:00:00+00:00,0.9982520400465383,0.9985138223023748,0.41094685085730875,0.9999999999999997,0.5890531491426909,0.5890531491426909
LTC,2021-09-02 00:00:00+00:00,0.9946481493533469,0.9949834713316468,0.4183788266591002,1.0000000000000009,0.5816211733409007,0.5816211733409007
LTC,2021-10-02 00:00:00+00:00,0.9976709344193939,0.997176551326746,0.4302395343887516,0.9999999999999998,0.5697604656112482,0.5697604656112482
LTC,2021-11-01 00:00:00+00:00,0.9987743871025572,0.9986887611401939,0.45327887486973095,0.9999999999999991,0.5467211251302682,0.5467211251302682
LTC,2021-12-01 00:00:00+00:00,0.9972450939803053,0.9972529792689026,0.46863622829648544,1.0000000000000007,0.5313637717035152,0.5313637717035152
LTC,2021-12-31 00:00:00+00:00,0.9938405426606451,0.9939252369267169,0.510869159073018,1.0000000000000007,0.48913084092698267,0.48913084092698267
LTC,2022-01-30 00:00:00+00:00,0.998431552263384,0.9979751540192754,0.5300436209735857,1.0000000000000009,0.4699563790264151,0.4699563790264151
LTC,2022-03-01 00:00:00+00:00,0.9976135246411812,0.9974274039511535,0.4465047661835235,0.9999999999999984,0.5534952338164749,0.5534952338164749
LTC,2022-03-31 00:00:00+00:00,0.9992982264005594,0.9993147645089759,0.44926972309163105,0.9999999999999998,0.5507302769083687,0.5507302769083687
LTC,2022-04-30 00:00:00+00:00,0.9987743871025572,0.999050568553651,0.43769860025092533,1.000000000000002,0.5623013997490767,0.5623013997490767
LTC,2022-05-30 00:00:00+00:00,0.9967638802575178,0.9961352552641646,0.3663965446006917,1.0000000000000007,0.633603455399309,0.633603455399309
LTC,2022-06-29 00:00:00+00:00,0.993083130781969,0.9922536446889272,0.43783424078145716,0.9999999999999996,0.5621657592185424,0.5621657592185424
LTC,2022-07-29 00:00:00+00:00,0.9928001405219126,0.9931668586676602,0.39948128730200794,1.0000000000000004,0.6005187126979925,0.6005187126979925
LTC,2022-08-28 00:00:00+00:00,0.9908571160249658,0.9911704041220813,0.5029607314169109,0.9999999999999991,0.49703926858308817,0.49703926858308817
LTC,2022-09-27 00:00:00+00:00,0.9940937489923958,0.9941968212622055,0.4987342845423173,0.9999999999999993,0.5012657154576821,0.5012657154576821
LTC,2022-10-27 00:00:00+00:00,0.9972317444897332,0.9968688638873974,0.54227161863942,0.9999999999999984,0.4577283813605785,0.4577283813605785
LTC,2022-11-26 00:00:00+00:00,0.9970914864585109,0.99648034750078,0.5520510218950314,1.0000000000000009,0.4479489781049694,0.4479489781049694
LTC,2022-12-26 00:00:00+00:00,0.9952727133003827,0.9960029484050849,0.5014856155883871,0.9999999999999998,0.49851438441161267,0.49851438441161267
LTC,2023-01-25 00:00:00+00:00,0.9983756643164966,0.9984625708219925,0.5316903927590662,1.0000000000000016,0.46830960724093545,0.46830960724093545
LTC,2023-02-24 00:00:00+00:00,0.9977705737805735,0.9980473643304123,0.49036183842082426,0.9999999999999996,0.5096381615791753,0.5096381615791753
LTC,2023-03-26 00:00:00+00:00,0.9987743871025572,0.9987167194776737,0.5328580682665718,1.0000000000000009,0.46714193173342916,0.46714193173342916
LTC,2023-04-25 00:00:00+00:00,0.9987743871025572,0.9989673010510476,0.5280734729297025,1.0000000000000004,0.4719265270702979,0.4719265270702979
LTC,2023-05-25 00:00:00+00:00,0.994947064557652,0.9950812499602845,0.53540986260688,1.0000000000000004,0.46459013739312044,0.46459013739312044
LTC,2023-06-24 00:00:00+00:00,0.9920902199440806,0.9920006242350734,0.5168729776140517,1.0000000000000002,0.48312702238594857,0.48312702238594857
LTC,2023-07-24 00:00:00+00:00,0.9922794372629494,0.9912307107845296,0.5068539969736271,1.0,0.4931460030263729,0.4931460030263729
LTC,2023-08-23 00:00:00+00:00,0.9872309805704971,0.9880473150305612,0.5346701870596097,1.0000000000000007,0.465329812940391,0.465329812940391
LTC,2023-09-22 00:00:00+00:00,0.9936967448891803,0.9938543154319568,0.5604868661018523,0.9999999999999967,0.43951313389814445,0.43951313389814445
LTC,2023-10-22 00:00:00+00:00,0.9975564237363171,0.9971189713141076,0.5391223977709575,1.0,0.4608776022290425,0.4608776022290425
LTC,2023-11-21 00:00:00+00:00,0.9939093286941971,0.9943525646688038,0.4883412970073173,0.9999999999999993,0.511658702992682,0.511658702992682
LTC,2023-12-21 00:00:00+00:00,0.9965166075609647,0.9969816826540788,0.4103534584293763,0.9999999999999993,0.589646541570623,0.589646541570623
LTC,2024-01-20 00:00:00+00:00,0.9991862221202439,0.9992796561487851,0.44915901683770365,0.9999999999999993,0.5508409831622957,0.5508409831622957
LTC,2024-02-19 00:00:00+00:00,0.9988499228840172,0.999041241541114,0.4919849970941341,1.0000000000000009,0.5080150029058668,0.5080150029058668
LTC,2024-03-20 00:00:00+00:00,0.9994964522364691,0.9995896908771058,0.4958331806585665,0.9999999999999993,0.5041668193414328,0.5041668193414328
LTC,2024-04-19 00:00:00+00:00,0.9968529067971913,0.9960829377507762,0.5103162373493333,0.9999999999999987,0.48968376265066543,0.48968376265066543
LTC,2024-05-19 00:00:00+00:00,0.9951178502708188,0.995178400314324,0.5444756241937638,1.0000000000000002,0.45552437580623645,0.45552437580623645
LTC,2024-06-18 00:00:00+00:00,0.9927984519920712,0.9927487237713781,0.561541652297744,0.9999999999999982,0.4384583477022542,0.4384583477022542
LTC,2024-07-18 00:00:00+00:00,0.9928869446619063,0.993044574176506,0.49849073858480153,1.0000000000000007,0.5015092614151991,0.5015092614151991
LTC,2024-08-17 00:00:00+00:00,0.9880628635022485,0.9857964768087476,0.4440291336504034,1.0000000000000004,0.555970866349597,0.555970866349597
LTC,2024-09-16 00:00:00+00:00,0.9807865271744217,0.9818219424658571,0.5023208207261951,1.0000000000000007,0.4976791792738055,0.4976791792738055
LTC,2024-10-16 00:00:00+00:00,0.9860340791061869,0.9849961987980145,0.4885766421829322,1.0000000000000013,0.5114233578170692,0.5114233578170692
LTC,2024-11-15 00:00:00+00:00,0.9939874315496678,0.9941704844893344,0.5080014943600435,0.9999999999999991,0.4919985056399557,0.4919985056399557
LTC,2024-12-15 00:00:00+00:00,0.9931957107810082,0.9936824794534331,0.5528431346464834,1.000000000000002,0.4471568653535186,0.4471568653535186
LTC,2025-01-14 00:00:00+00:00,0.9954793693695472,0.9948966446215808,0.5794934342936588,0.9999999999999997,0.4205065657063409,0.4205065657063409
LTC,2025-02-13 00:00:00+00:00,0.9974717743679754,0.9968406399156042,0.5787686649912769,1.000000000000001,0.4212313350087242,0.4212313350087242
LTC,2025-03-15 00:00:00+00:00,0.9966328921561075,0.9964979359794838,0.5154334112706696,1.0000000000000013,0.48456658872933184,0.48456658872933184
LTC,2025-04-14 00:00:00+00:00,0.9996120625593325,0.999492077845885,0.524090277584219,0.9999999999999984,0.47590972241577945,0.47590972241577945
LTC,2025-05-14 00:00:00+00:00,0.997826690114002,0.9972734620198909,0.5357695313555082,0.9999999999999993,0.4642304686444912,0.4642304686444912
LTC,2025-06-13 00:00:00+00:00,0.9915581075645546,0.9905016720694679,0.48158091431938654,0.9999999999999983,0.5184190856806118,0.5184190856806118
LTC,2025-07-13 00:00:00+00:00,0.9857312888135289,0.9839268105423731,0.45363986228126196,1.0,0.546360137718738,0.546360137718738
LTC,2025-08-12 00:00:00+00:00,0.9770741937340852,0.9755351158396376,0.3905078059100263,0.9999999999999989,0.6094921940899726,0.6094921940899726
LTC,2025-09-11 00:00:00+00:00,0.9758200784501434,0.9750887620460401,0.4128420970583022,1.0000000000000007,0.5871579029416985,0.5871579029416985
LTC,2025-10-11 00:00:00+00:00,0.9819368161979645,0.9803503013150098,0.4128627783932144,1.0000000000000004,0.587137221606786,0.587137221606786
LTC,2025-11-10 00:00:00+00:00,0.9869444501513559,0.9862456032017106,0.42389371842365764,1.0000000000000013,0.5761062815763437,0.5761062815763437
LTC,2025-12-10 00:00:00+00:00,0.9956580775145241,0.9957956665778215,0.4511594062015606,0.999999999999998,0.5488405937984374,0.5488405937984374
LTC,2026-01-09 00:00:00+00:00,0.9942732931540998,0.9932679902521635,0.4470923813929849,1.0,0.5529076186070151,0.5529076186070151
LTC,2026-02-08 00:00:00+00:00,0.9902563062330777,0.9905189248364341,0.479764278153224,0.9999999999999987,0.5202357218467747,0.5202357218467747
LTC,2026-03-10 00:00:00+00:00,0.9932790848680736,0.9935334100608361,0.47203779133318846,0.9999999999999991,0.5279622086668107,0.5279622086668107
LTC,2026-04-09 00:00:00+00:00,0.9956240025294472,0.9956912540072965,0.5011328291883563,0.9999999999999993,0.49886717081164306,0.49886717081164306
SOL,2020-10-07 00:00:00+00:00,0.9990556185383823,0.9992323766070277,0.4933175602705332,1.0000000000000018,0.5066824397294686,0.5066824397294686
SOL,2020-11-06 00:00:00+00:00,0.9997202030637407,0.9995301688970236,0.5464748943753464,0.9999999999999993,0.453525105624653,0.453525105624653
SOL,2020-12-06 00:00:00+00:00,0.9978192202955464,0.9978519285541995,0.5528665172021581,1.0000000000000007,0.4471334827978426,0.4471334827978426
SOL,2021-01-05 00:00:00+00:00,0.9992982264005594,0.9991556881416819,0.5009604060866677,1.0,0.49903959391333225,0.49903959391333225
SOL,2021-02-04 00:00:00+00:00,0.9997165970211928,0.9998944284584653,0.5071467999267687,1.0000000000000007,0.49285320007323197,0.49285320007323197
SOL,2021-03-06 00:00:00+00:00,0.9971470951213918,0.9964945651819719,0.49538106593618714,1.0000000000000002,0.5046189340638131,0.5046189340638131
SOL,2021-04-05 00:00:00+00:00,0.997571413729155,0.9978745488856255,0.4897490223213091,0.9999999999999978,0.5102509776786887,0.5102509776786887
SOL,2021-05-05 00:00:00+00:00,0.9962538110017354,0.9958341513152074,0.45573850378766545,1.0000000000000004,0.544261496212335,0.544261496212335
SOL,2021-06-04 00:00:00+00:00,0.9978336694259049,0.997421561388667,0.44774691937095545,0.9999999999999996,0.5522530806290441,0.5522530806290441
SOL,2021-07-04 00:00:00+00:00,0.9929460091934693,0.9935196158516072,0.4819016408978346,0.9999999999999998,0.5180983591021652,0.5180983591021652
SOL,2021-08-03 00:00:00+00:00,0.9950098074183701,0.9942870312276714,0.4391704509300576,0.9999999999999998,0.5608295490699422,0.5608295490699422
SOL,2021-09-02 00:00:00+00:00,0.9974779072876985,0.9973607960730115,0.48023687387204683,0.9999999999999983,0.5197631261279515,0.5197631261279515
SOL,2021-10-02 00:00:00+00:00,0.9968828638497366,0.9969512555004636,0.4392891069482774,1.0000000000000022,0.5607108930517248,0.5607108930517248
SOL,2021-11-01 00:00:00+00:00,0.9966395726464783,0.9964400220820167,0.42475487088492014,1.0000000000000002,0.5752451291150801,0.5752451291150801
SOL,2021-12-01 00:00:00+00:00,0.9990780816158358,0.9991364843057948,0.46139879844257414,0.9999999999999996,0.5386012015574254,0.5386012015574254
SOL,2021-12-31 00:00:00+00:00,0.9986442272296521,0.9988790443753109,0.4386565770374026,1.0000000000000018,0.5613434229625992,0.5613434229625992
SOL,2022-01-30 00:00:00+00:00,0.9999292719874608,0.9997868472285477,0.4069745385225556,0.9999999999999984,0.5930254614774428,0.5930254614774428
SOL,2022-03-01 00:00:00+00:00,0.9997165970211928,0.9995219164137326,0.4123640667975158,1.0000000000000007,0.5876359332024849,0.5876359332024849
SOL,2022-03-31 00:00:00+00:00,0.9970885595041017,0.9975103267099776,0.40311288374203735,0.9999999999999998,0.5968871162579624,0.5968871162579624
SOL,2022-04-30 00:00:00+00:00,0.9974218344082185,0.9976535374400901,0.4312145587143359,0.9999999999999991,0.5687854412856632,0.5687854412856632
SOL,2022-05-30 00:00:00+00:00,0.9991862221202438,0.9990638315286096,0.3976780280709491,1.0000000000000002,0.6023219719290511,0.6023219719290511
SOL,2022-06-29 00:00:00+00:00,0.99803936508027,0.9975514158669977,0.45944068702706575,0.9999999999999996,0.5405593129729338,0.5405593129729338
SOL,2022-07-29 00:00:00+00:00,0.9974218344082184,0.9979627178846153,0.49434108932959453,1.0,0.5056589106704055,0.5056589106704055
SOL,2022-08-28 00:00:00+00:00,0.990834071049835,0.9901108530977778,0.5111166107138201,1.0000000000000002,0.48888338928618014,0.48888338928618014
SOL,2022-09-27 00:00:00+00:00,0.99359351003722,0.9940418836093301,0.501198621530345,1.0000000000000018,0.4988013784696568,0.4988013784696568
SOL,2022-10-27 00:00:00+00:00,0.9930832871248997,0.9938813631043467,0.5493614208012301,0.9999999999999994,0.45063857919876943,0.45063857919876943
SOL,2022-11-26 00:00:00+00:00,0.9983756643164967,0.9979451891254905,0.5604130097151736,1.0000000000000007,0.43958699028482706,0.43958699028482706
SOL,2022-12-26 00:00:00+00:00,0.997073051581915,0.9968783176869093,0.4884219700700688,1.0,0.5115780299299312,0.5115780299299312
SOL,2023-01-25 00:00:00+00:00,0.9999292719874608,0.9999320722515183,0.4745725420603403,0.9999999999999984,0.5254274579396582,0.5254274579396582
SOL,2023-02-24 00:00:00+00:00,0.9995109013668276,0.9994087603378005,0.4301621161481807,0.999999999999998,0.5698378838518173,0.5698378838518173
SOL,2023-03-26 00:00:00+00:00,0.9991862221202438,0.9989193433021677,0.4476209025772384,1.000000000000001,0.5523790974227627,0.5523790974227627
SOL,2023-04-25 00:00:00+00:00,0.9985477067148868,0.9987004689443697,0.47156907571257156,1.0000000000000004,0.5284309242874289,0.5284309242874289
SOL,2023-05-25 00:00:00+00:00,0.9991792428083407,0.9992758604384415,0.43665644740742793,1.0000000000000009,0.563343552592573,0.563343552592573
SOL,2023-06-24 00:00:00+00:00,0.997984770578167,0.998182754816657,0.5028015611049703,1.0000000000000004,0.4971984388950302,0.4971984388950302
SOL,2023-07-24 00:00:00+00:00,0.9944199906215282,0.9945862814127356,0.5783184471341124,1.0000000000000022,0.4216815528658898,0.4216815528658898
SOL,2023-08-23 00:00:00+00:00,0.9919036526900833,0.9921341508799184,0.6493936024817417,0.9999999999999983,0.3506063975182567,0.3506063975182567
SOL,2023-09-22 00:00:00+00:00,0.9952158491297324,0.9943421676971251,0.5677692807531112,1.0000000000000004,0.43223071924688933,0.43223071924688933
SOL,2023-10-22 00:00:00+00:00,0.9953031330956901,0.9953384977095547,0.6751123780847021,0.9999999999999986,0.32488762191529647,0.32488762191529647
SOL,2023-11-21 00:00:00+00:00,0.9954612675229363,0.9954435722254186,0.6984637282468181,0.9999999999999996,0.30153627175318143,0.30153627175318143
SOL,2023-12-21 00:00:00+00:00,0.9975003945217883,0.997608316964009,0.5863269884227671,0.999999999999999,0.41367301157723185,0.41367301157723185
SOL,2024-01-20 00:00:00+00:00,0.9960849206055782,0.9959450085364602,0.5599935062204988,1.000000000000001,0.4400064937795023,0.4400064937795023
SOL,2024-02-19 00:00:00+00:00,0.995087258324358,0.9962368135559234,0.534771644850216,0.9999999999999989,0.4652283551497829,0.4652283551497829
SOL,2024-03-20 00:00:00+00:00,0.997234573630449,0.9968076884194202,0.5605981592825366,0.9999999999999996,0.43940184071746297,0.43940184071746297
SOL,2024-04-19 00:00:00+00:00,0.9981134086197468,0.9977740749757998,0.5332606232792838,0.9999999999999996,0.46673937672071575,0.46673937672071575
SOL,2024-05-19 00:00:00+00:00,0.9981358716972003,0.9975458524416767,0.566319412126012,0.9999999999999989,0.43368058787398683,0.43368058787398683
SOL,2024-06-18 00:00:00+00:00,0.9944060391632071,0.9942247733477148,0.5434322426673429,0.9999999999999998,0.45656775733265687,0.45656775733265687
SOL,2024-07-18 00:00:00+00:00,0.9891050728809179,0.989874127956473,0.5404002647385059,1.0000000000000004,0.45959973526149456,0.45959973526149456
SOL,2024-08-17 00:00:00+00:00,0.9856471441823487,0.9860392422911158,0.5703085684075403,1.0000000000000009,0.4296914315924606,0.4296914315924606
SOL,2024-09-16 00:00:00+00:00,0.979821440943342,0.9773411941952471,0.5960412802255113,1.0000000000000013,0.4039587197744901,0.4039587197744901
SOL,2024-10-16 00:00:00+00:00,0.9923074967010233,0.9922549947216237,0.6742644536037592,1.0000000000000002,0.325735546396241,0.325735546396241
SOL,2024-11-15 00:00:00+00:00,0.9981358716972003,0.9978137336744267,0.6734402734742069,1.0000000000000004,0.3265597265257936,0.3265597265257936
SOL,2024-12-15 00:00:00+00:00,0.994797132452102,0.994965553988115,0.6922489904362826,0.9999999999999997,0.30775100956371704,0.30775100956371704
SOL,2025-01-14 00:00:00+00:00,0.993806560962689,0.9938279387120226,0.6789854775447559,1.0000000000000009,0.321014522455245,0.321014522455245
SOL,2025-02-13 00:00:00+00:00,0.9944891041594072,0.9941059616972642,0.5818610372288413,0.9999999999999993,0.41813896277115803,0.41813896277115803
SOL,2025-03-15 00:00:00+00:00,0.9948299082800558,0.9945818648285932,0.5289264796569846,0.9999999999999998,0.47107352034301525,0.47107352034301525
SOL,2025-04-14 00:00:00+00:00,0.9959769536614019,0.9960209973048619,0.49376261929435716,0.9999999999999982,0.5062373807056411,0.5062373807056411
SOL,2025-05-14 00:00:00+00:00,0.9969750092358245,0.996581021304377,0.47231555399660374,1.0000000000000009,0.5276844460033971,0.5276844460033971
SOL,2025-06-13 00:00:00+00:00,0.996766807211927,0.9969354604726978,0.4450020843112823,1.0000000000000018,0.5549979156887195,0.5549979156887195
SOL,2025-07-13 00:00:00+00:00,0.9950908842328311,0.9948354143427284,0.4519294659258246,0.9999999999999996,0.5480705340741749,0.5480705340741749
SOL,2025-08-12 00:00:00+00:00,0.9946920743278709,0.9952049451303452,0.47196170837364715,1.0000000000000009,0.5280382916263537,0.5280382916263537
SOL,2025-09-11 00:00:00+00:00,0.9963200254934812,0.9960688046277063,0.4534412445814695,0.9999999999999993,0.5465587554185298,0.5465587554185298
SOL,2025-10-11 00:00:00+00:00,0.9904003128892368,0.9905796029981212,0.42262570153086687,1.0000000000000004,0.5773742984691336,0.5773742984691336
SOL,2025-11-10 00:00:00+00:00,0.9908191200533415,0.9900719461180749,0.4801785809209702,0.9999999999999996,0.5198214190790293,0.5198214190790293
SOL,2025-12-10 00:00:00+00:00,0.992820618193159,0.9933368455227852,0.4714022509502491,0.9999999999999989,0.5285977490497498,0.5285977490497498
SOL,2026-01-09 00:00:00+00:00,0.994553599277516,0.9936149921217258,0.4657527859755829,1.0000000000000016,0.5342472140244187,0.5342472140244187
SOL,2026-02-08 00:00:00+00:00,0.9952472451488028,0.9947041469206314,0.45028476536886164,0.9999999999999996,0.5497152346311379,0.5497152346311379
SOL,2026-03-10 00:00:00+00:00,0.9912242905158852,0.991737844412451,0.4594138940051756,0.9999999999999993,0.5405861059948237,0.5405861059948237
SOL,2026-04-09 00:00:00+00:00,0.9947403818583342,0.9955898691017488,0.5496292067393567,0.9999999999999987,0.45037079326064205,0.45037079326064205
XRP,2020-10-07 00:00:00+00:00,0.9771065860568668,0.9774565162103976,0.45623822865842956,1.0000000000000007,0.5437617713415711,0.5437617713415711
XRP,2020-11-06 00:00:00+00:00,0.9776779078253409,0.9755131351354005,0.48611759076241867,1.0,0.5138824092375813,0.5138824092375813
XRP,2020-12-06 00:00:00+00:00,0.9853517575286426,0.986327215772936,0.44526027779436905,0.9999999999999996,0.5547397222056305,0.5547397222056305
XRP,2021-01-05 00:00:00+00:00,0.9906514203706008,0.9912656032509716,0.5001536401750963,0.9999999999999996,0.49984635982490316,0.49984635982490316
XRP,2021-02-04 00:00:00+00:00,0.9953369599118967,0.9954461646786655,0.5040870952979202,1.0000000000000027,0.4959129047020825,0.4959129047020825
XRP,2021-03-06 00:00:00+00:00,0.9953092946882206,0.9949771376730747,0.5310111871008335,1.0000000000000007,0.46898881289916716,0.46898881289916716
XRP,2021-04-05 00:00:00+00:00,0.9976135246411814,0.9981361320196375,0.5424259000983782,1.000000000000001,0.45757409990162295,0.45757409990162295
XRP,2021-05-05 00:00:00+00:00,0.9974717743679756,0.997665115480991,0.5089112819021036,0.9999999999999987,0.49108871809789506,0.49108871809789506
XRP,2021-06-04 00:00:00+00:00,0.9987743871025572,0.9990264067030246,0.5431558941987568,1.0000000000000024,0.4568441058012457,0.4568441058012457
XRP,2021-07-04 00:00:00+00:00,0.997876630073759,0.9980425992844341,0.48774843870174045,0.9999999999999991,0.5122515612982587,0.5122515612982587
XRP,2021-08-03 00:00:00+00:00,0.9995039220549246,0.999176241989786,0.45819625913544426,1.0000000000000004,0.5418037408645562,0.5418037408645562
XRP,2021-09-02 00:00:00+00:00,0.9990780816158358,0.9992625079508869,0.4609109416391577,1.0000000000000002,0.5390890583608425,0.5390890583608425
XRP,2021-10-02 00:00:00+00:00,0.9987743871025572,0.9983727050530837,0.4499067170943102,1.0000000000000022,0.550093282905692,0.550093282905692
XRP,2021-11-01 00:00:00+00:00,0.9947180923411124,0.9952612777068285,0.45667250245659674,1.0000000000000009,0.5433274975434041,0.5433274975434041
XRP,2021-12-01 00:00:00+00:00,0.9982114074786603,0.9984725089556795,0.43518579223320897,1.0000000000000007,0.5648142077667917,0.5648142077667917
XRP,2021-12-31 00:00:00+00:00,0.9985462283707387,0.9986340985149589,0.47134678178548794,1.0000000000000002,0.5286532182145123,0.5286532182145123
XRP,2022-01-30 00:00:00+00:00,0.9975938768066086,0.9976403655612078,0.4199202400614732,0.9999999999999996,0.5800797599385263,0.5800797599385263
XRP,2022-03-01 00:00:00+00:00,0.9953369599118967,0.9949754684015903,0.39620500111200174,0.9999999999999993,0.6037949988879976,0.6037949988879976
XRP,2022-03-31 00:00:00+00:00,0.9920272679987322,0.992170684807917,0.43854716120984727,0.9999999999999987,0.5614528387901514,0.5614528387901514
XRP,2022-04-30 00:00:00+00:00,0.9876028540023395,0.9872208991958819,0.4826247247348765,1.000000000000002,0.5173752752651255,0.5173752752651255
XRP,2022-05-30 00:00:00+00:00,0.9926775310212207,0.9924037567602092,0.4524582471748545,0.9999999999999996,0.5475417528251451,0.5475417528251451
XRP,2022-06-29 00:00:00+00:00,0.9972577625029748,0.9975866031958895,0.49084273330576966,1.0000000000000007,0.509157266694231,0.509157266694231
XRP,2022-07-29 00:00:00+00:00,0.9989805264658788,0.9986275259877019,0.47484128202353415,0.9999999999999987,0.5251587179764645,0.5251587179764645
XRP,2022-08-28 00:00:00+00:00,0.9920133083768228,0.9908637702542319,0.45822397558981653,1.000000000000002,0.5417760244101855,0.5417760244101855
XRP,2022-09-27 00:00:00+00:00,0.9929419905212874,0.9928835889551346,0.4455617256503973,1.000000000000001,0.5544382743496038,0.5544382743496038
XRP,2022-10-27 00:00:00+00:00,0.9893481017598597,0.9880354063351423,0.4909757539655982,0.9999999999999989,0.5090242460344007,0.5090242460344007
XRP,2022-11-26 00:00:00+00:00,0.9949382371258362,0.9950730441983184,0.4652223743207826,1.0000000000000016,0.5347776256792189,0.5347776256792189
XRP,2022-12-26 00:00:00+00:00,0.9940930656513146,0.9939765143083967,0.4682096741626218,1.0,0.5317903258373782,0.5317903258373782
XRP,2023-01-25 00:00:00+00:00,0.9935161240931926,0.9933616990494285,0.47607957121281996,1.0000000000000007,0.5239204287871807,0.5239204287871807
XRP,2023-02-24 00:00:00+00:00,0.99496198551212,0.9944237015211458,0.4344241513090491,1.0000000000000004,0.5655758486909513,0.5655758486909513
XRP,2023-03-26 00:00:00+00:00,0.9919980217784206,0.9920526241830105,0.4660846896679083,1.0000000000000004,0.5339153103320922,0.5339153103320922
XRP,2023-04-25 00:00:00+00:00,0.9896973240376373,0.9890642017194745,0.4655202159182731,0.9999999999999996,0.5344797840817265,0.5344797840817265
XRP,2023-05-25 00:00:00+00:00,0.9904491433791649,0.9904286599502719,0.46887746646297934,1.0000000000000004,0.5311225335370211,0.5311225335370211
XRP,2023-06-24 00:00:00+00:00,0.9928030674763214,0.9917826798900866,0.483367057771527,1.0000000000000004,0.5166329422284734,0.5166329422284734
XRP,2023-07-24 00:00:00+00:00,0.9946256862758933,0.9950800104624901,0.5007279663395225,1.0000000000000004,0.4992720336604779,0.4992720336604779
XRP,2023-08-23 00:00:00+00:00,0.9972877195555201,0.9970295196969395,0.5216201724617298,1.000000000000001,0.4783798275382714,0.4783798275382714
XRP,2023-09-22 00:00:00+00:00,0.9992982264005594,0.9994303506055632,0.5102483528977497,1.0,0.4897516471022503,0.4897516471022503
XRP,2023-10-22 00:00:00+00:00,0.9995039220549246,0.999512320995354,0.5000158562600638,1.0,0.4999841437399362,0.4999841437399362
XRP,2023-11-21 00:00:00+00:00,0.9995109013668276,0.9994665779451548,0.5693837965502727,1.0000000000000004,0.43061620344972773,0.43061620344972773
XRP,2023-12-21 00:00:00+00:00,0.9977146858336864,0.9977587478882444,0.5510150129763528,0.9999999999999998,0.448984987023647,0.448984987023647
XRP,2024-01-20 00:00:00+00:00,0.9954641944773452,0.9951914363013363,0.5722285097729807,0.9999999999999984,0.42777149022701777,0.42777149022701777
XRP,2024-02-19 00:00:00+00:00,0.9885708222971505,0.9893368590078254,0.5699711890031821,1.0000000000000022,0.4300288109968201,0.4300288109968201
XRP,2024-03-20 00:00:00+00:00,0.9950618855524309,0.9952318028686716,0.5869630083315768,0.9999999999999994,0.41303699166842267,0.41303699166842267
XRP,2024-04-19 00:00:00+00:00,0.9943488289355599,0.9943897040611708,0.6130737512372839,1.0000000000000013,0.3869262487627175,0.3869262487627175
XRP,2024-05-19 00:00:00+00:00,0.9960849206055782,0.9959450085364603,0.5654706744909632,1.0000000000000004,0.43452932550903717,0.43452932550903717
XRP,2024-06-18 00:00:00+00:00,0.9971305832972284,0.9967675861617097,0.5438130494688578,1.0000000000000002,0.4561869505311424,0.4561869505311424
XRP,2024-07-18 00:00:00+00:00,0.995866112719587,0.9962671189530352,0.5328609176914325,1.000000000000001,0.4671390823085686,0.4671390823085686
XRP,2024-08-17 00:00:00+00:00,0.995983813376154,0.9965947713493633,0.5448955092905247,1.0000000000000016,0.4551044907094769,0.4551044907094769
XRP,2024-09-16 00:00:00+00:00,0.9937381431971198,0.9936937239662856,0.5622619748194122,1.000000000000001,0.4377380251805889,0.4377380251805889
XRP,2024-10-16 00:00:00+00:00,0.996165997420039,0.9963700746197285,0.5303666174753165,1.0000000000000013,0.4696333825246848,0.4696333825246848
XRP,2024-11-15 00:00:00+00:00,0.9985542423178335,0.9982711978077351,0.5557704710868429,1.0,0.44422952891315715,0.44422952891315715
XRP,2024-12-15 00:00:00+00:00,0.9979746289326725,0.9979541446494963,0.5566151891087654,0.9999999999999996,0.4433848108912341,0.4433848108912341
XRP,2025-01-14 00:00:00+00:00,0.9977754688812541,0.997837847044284,0.5716315265242324,0.9999999999999998,0.4283684734757674,0.4283684734757674
XRP,2025-02-13 00:00:00+00:00,0.9964127473713839,0.9959687267895522,0.5620602498895363,1.0000000000000016,0.43793975011046526,0.43793975011046526
XRP,2025-03-15 00:00:00+00:00,0.9951113619040776,0.9959060514797808,0.5351311854302458,1.0000000000000009,0.4648688145697551,0.4648688145697551
XRP,2025-04-14 00:00:00+00:00,0.9932614518912458,0.9928126698537606,0.5045099724895861,0.9999999999999987,0.4954900275104126,0.4954900275104126
XRP,2025-05-14 00:00:00+00:00,0.9940642284833218,0.9943992296689576,0.5062573991606105,1.0,0.49374260083938953,0.49374260083938953
XRP,2025-06-13 00:00:00+00:00,0.9967157676123832,0.9963076411138428,0.4861906042369779,1.0000000000000029,0.513809395763025,0.513809395763025
XRP,2025-07-13 00:00:00+00:00,0.9940451344222813,0.9949360286998654,0.5429344740158253,1.0000000000000018,0.45706552598417655,0.45706552598417655
XRP,2025-08-12 00:00:00+00:00,0.9952656800253986,0.9954001431408434,0.5438405140563889,1.000000000000001,0.4561594859436123,0.4561594859436123
XRP,2025-09-11 00:00:00+00:00,0.9939648297682266,0.9937009670654653,0.5657042530627919,0.9999999999999998,0.43429574693720785,0.43429574693720785
XRP,2025-10-11 00:00:00+00:00,0.9952472451488028,0.9951439974876136,0.5080280620553519,1.0000000000000007,0.4919719379446488,0.4919719379446488
XRP,2025-11-10 00:00:00+00:00,0.9913654944053624,0.9907997883311552,0.5848670227741004,0.9999999999999998,0.41513297722589937,0.41513297722589937
XRP,2025-12-10 00:00:00+00:00,0.9865458985079671,0.9876773708842845,0.5204646584753341,1.000000000000003,0.479535341524669,0.479535341524669
XRP,2026-01-09 00:00:00+00:00,0.9933905876380917,0.9937184736935012,0.5602723843460453,0.9999999999999989,0.4397276156539535,0.4397276156539535
XRP,2026-02-08 00:00:00+00:00,0.9974218344082185,0.9971768384515662,0.5519295765498244,1.0,0.44807042345017556,0.44807042345017556
XRP,2026-03-10 00:00:00+00:00,0.9938649069194961,0.9944867497994725,0.5334931605841967,1.0000000000000004,0.46650683941580373,0.46650683941580373
XRP,2026-04-09 00:00:00+00:00,0.9967776502997376,0.99665839324198,0.5516840076783915,0.999999999999998,0.44831599232160646,0.44831599232160646
